{"flutter":{"platforms":{"android":{"default":{"projectId":"product-db-5f256","appId":"1:426848084953:android:9d4a0205d0b4f623b9efc8","fileOutput":"android/app/google-services.json"}},"dart":{"lib/firebase_options.dart":{"projectId":"product-db-5f256","configurations":{"android":"1:426848084953:android:9d4a0205d0b4f623b9efc8","ios":"1:426848084953:ios:1789a6d1e8416600b9efc8","macos":"1:426848084953:ios:1789a6d1e8416600b9efc8","web":"1:426848084953:web:4005b88b723604f1b9efc8","windows":"1:426848084953:web:7b5f8637980a466bb9efc8"}}}}}}