{
  "project_info": {
    "project_number": "426848084953",
    "firebase_url": "https://product-db-5f256-default-rtdb.firebaseio.com",
    "project_id": "product-db-5f256",
    "storage_bucket": "product-db-5f256.appspot.com"
  },
  "client": [
    {
      "client_info": {
        "mobilesdk_app_id": "1:426848084953:android:9d4a0205d0b4f623b9efc8",
        "android_client_info": {
          "package_name": "com.example.product_db"
        }
      },
      "oauth_client": [],
      "api_key": [
        {
          "current_key": "AIzaSyAscLQFNkIsWGH5wGkoJ_xTCgH6IMxefiw"
        }
      ],
      "services": {
        "appinvite_service": {
          "other_platform_oauth_client": []
        }
      }
    }
  ],
  "configuration_version": "1"
}